{"cameraMode":{"drawMode":0,"name":"Shaded","section":"Shading Mode"},"sceneLighting":true,"audioPlay":false,"sceneViewState":{"showFog":true,"showMaterialUpdate":true,"showSkybox":true,"showFlares":true,"showImageEffects":true,"showParticleSystems":true},"in2DMode":false,"pivot":{"x":9.89925479888916,"y":16.951534271240236,"z":-3.5100173950195314},"rotation":{"x":0.14084069430828095,"y":-0.09045904129743576,"z":0.012922242283821106,"w":0.9858063459396362},"size":61.882957458496097,"orthographic":false}