{"cameraMode":{"drawMode":0,"name":"Shaded","section":"Shading Mode"},"sceneLighting":false,"audioPlay":false,"sceneViewState":{"showFog":true,"showMaterialUpdate":true,"showSkybox":true,"showFlares":true,"showImageEffects":true,"showParticleSystems":true},"in2DMode":false,"pivot":{"x":10.553325653076172,"y":1.6754722595214844,"z":0.421875},"rotation":{"x":-0.1441935896873474,"y":-0.20415478944778443,"z":0.030418839305639268,"w":-0.9677829146385193},"size":14.887568473815918,"orthographic":false}