{"cameraMode":{"drawMode":0,"name":"Shaded","section":"Shading Mode"},"sceneLighting":true,"audioPlay":false,"sceneViewState":{"showFog":true,"showMaterialUpdate":true,"showSkybox":true,"showFlares":true,"showImageEffects":true,"showParticleSystems":true},"in2DMode":false,"pivot":{"x":-4.645007133483887,"y":-1.7485389709472657,"z":27.123374938964845},"rotation":{"x":-0.22979584336280824,"y":0.016640495508909227,"z":-0.003928172867745161,"w":-0.9730886816978455},"size":110.47276306152344,"orthographic":false}