{"cameraMode":{"drawMode":0,"name":"Shaded","section":"Shading Mode"},"sceneLighting":false,"audioPlay":false,"sceneViewState":{"showFog":true,"showMaterialUpdate":true,"showSkybox":true,"showFlares":true,"showImageEffects":true,"showParticleSystems":true},"in2DMode":false,"pivot":{"x":-4.109577655792236,"y":10.987808227539063,"z":-31.32954978942871},"rotation":{"x":0.16513767838478089,"y":0.004438159987330437,"z":-0.0007431170088239014,"w":0.9862602949142456},"size":1.143154501914978,"orthographic":false}