{"cameraMode":{"drawMode":0,"name":"Shaded","section":"Shading Mode"},"sceneLighting":false,"audioPlay":false,"sceneViewState":{"showFog":true,"showMaterialUpdate":true,"showSkybox":true,"showFlares":true,"showImageEffects":true,"showParticleSystems":true},"in2DMode":false,"pivot":{"x":-1.6904587745666505,"y":1.399999976158142,"z":-23.59000015258789},"rotation":{"x":0.051844511181116107,"y":0.39201632142066958,"z":-0.022133508697152139,"w":0.9182295799255371},"size":2.497527837753296,"orthographic":false}