{"cameraMode":{"drawMode":0,"name":"Shaded","section":"Shading Mode"},"sceneLighting":false,"audioPlay":false,"sceneViewState":{"showFog":true,"showMaterialUpdate":true,"showSkybox":true,"showFlares":true,"showImageEffects":true,"showParticleSystems":true},"in2DMode":false,"pivot":{"x":-3.4135448932647707,"y":10.790629386901856,"z":-31.585609436035158},"rotation":{"x":0.35541144013404848,"y":0.13669034838676454,"z":-0.0526248961687088,"w":0.9231625199317932},"size":2.9431543350219728,"orthographic":false}