{"cameraMode":{"drawMode":0,"name":"Shaded","section":"Shading Mode"},"sceneLighting":false,"audioPlay":false,"sceneViewState":{"showFog":true,"showMaterialUpdate":true,"showSkybox":true,"showFlares":true,"showImageEffects":true,"showParticleSystems":true},"in2DMode":false,"pivot":{"x":2.358020782470703,"y":0.60237717628479,"z":-22.984134674072267},"rotation":{"x":-0.20458225905895234,"y":0.05780526623129845,"z":-0.012103267945349217,"w":-0.977066159248352},"size":9.188260078430176,"orthographic":false}