{"cameraMode":{"drawMode":0,"name":"Shaded","section":"Shading Mode"},"sceneLighting":false,"audioPlay":false,"sceneViewState":{"showFog":true,"showMaterialUpdate":true,"showSkybox":true,"showFlares":true,"showImageEffects":true,"showParticleSystems":true},"in2DMode":false,"pivot":{"x":3.5815324783325197,"y":-29.56865882873535,"z":7.256272315979004},"rotation":{"x":-0.10892237722873688,"y":-0.31004050374031069,"z":0.035783398896455768,"w":-0.9437851905822754},"size":4.0578837394714359,"orthographic":false}