{"cameraMode":{"drawMode":0,"name":"Shaded","section":"Shading Mode"},"sceneLighting":true,"audioPlay":false,"sceneViewState":{"showFog":true,"showMaterialUpdate":false,"showSkybox":true,"showFlares":true,"showImageEffects":true,"showParticleSystems":true},"in2DMode":false,"pivot":{"x":3.651134490966797,"y":2.7591211795806886,"z":5.123748779296875},"rotation":{"x":0.21079927682876588,"y":-0.008798236958682537,"z":0.0018972503021359444,"w":0.9774879813194275},"size":40.468868255615237,"orthographic":false}