{"cameraMode":{"drawMode":0,"name":"Shaded","section":"Shading Mode"},"sceneLighting":false,"audioPlay":false,"sceneViewState":{"showFog":true,"showMaterialUpdate":false,"showSkybox":true,"showFlares":true,"showImageEffects":true,"showParticleSystems":true},"in2DMode":false,"pivot":{"x":3.7522213459014894,"y":0.3109779357910156,"z":-1.4075965881347657},"rotation":{"x":0.28771594166755679,"y":0.018673187121748925,"z":-0.005611032713204622,"w":0.9575173258781433},"size":68.34269714355469,"orthographic":false}