{"cameraMode":{"drawMode":0,"name":"Shaded","section":"Shading Mode"},"sceneLighting":true,"audioPlay":false,"sceneViewState":{"showFog":true,"showMaterialUpdate":false,"showSkybox":true,"showFlares":true,"showImageEffects":true,"showParticleSystems":true},"in2DMode":false,"pivot":{"x":48.19773864746094,"y":-4.800819396972656,"z":51.949501037597659},"rotation":{"x":0.11613726615905762,"y":0.00446892436593771,"z":-0.0005226748762652278,"w":0.9932230114936829},"size":83.92085266113281,"orthographic":false}