{"cameraMode":{"drawMode":0,"name":"Shaded","section":"Shading Mode"},"sceneLighting":false,"audioPlay":false,"sceneViewState":{"showFog":true,"showMaterialUpdate":false,"showSkybox":true,"showFlares":true,"showImageEffects":true,"showParticleSystems":true},"in2DMode":false,"pivot":{"x":-4.109577655792236,"y":10.987808227539063,"z":-31.32954978942871},"rotation":{"x":-0.023242825642228128,"y":0.9763330221176148,"z":-0.16589586436748506,"w":-0.1367926001548767},"size":1.143154501914978,"orthographic":false}